Product Name,Category,Your Affiliate links
GenuinePurity NMN,Anti-Aging/Bio-Hacking,https://nmn.genuinepurity.com/ct/618161
GenuinePurity Spermidine,Anti-Aging/Bio-Hacking,https://spermidine.genuinepurity.com/ct/618161
GenuinePurity Trans-Resveratrol,Anti-Aging/Bio-Hacking,https://transresveratrol.genuinepurity.com/ct/618161
GenuinePurity NR,Anti-Aging/Bio-Hacking,https://nr.genuinepurity.com/ct/618161
GenuinePurity NMN+NR,Anti-Aging/Bio-Hacking,https://nmnnr.genuinepurity.com/ct/618161
GenuinePurity Fisetin,Anti-Aging/Bio-Hacking,https://fisetin.genuinepurity.com/ct/618161
GenuinePurity Longevity+,Anti-Aging/Bio-Hacking,https://longevityplus.genuinepurity.com/ct/618161
GenuinePurity NMNH,Anti-Aging/Bio-Hacking,https://nmnh.genuinepurity.com/ct/618161
GenuinePurity Quercetin,Anti-Aging/Bio-Hacking,https://quercetin.genuinepurity.com/ct/618161
Erectin,Male Enhancement,https://www.erectin.com/ct/618161
Erectin Gummies,Male Enhancement,https://www.erectingummies.com/ct/618161
Erectin Gel,Male Enhancement,https://www.erectingel.com/ct/618161
VigRX Plus,Male Enhancement,https://www.vigrxplus.com/ct/618161
VigRX Plus,Male Enhancement,https://www.vigrxplus.net/ct/618161
VigRX Oil,Male Enhancement,https://www.vigrxoil.com/ct/618161
VigRX Delay Spray,Male Enhancement,https://www.vigrxdelayspray.com/ct/618161
VigRX Delay Wipes,Male Enhancement,https://www.vigrxdelaywipes.com/ct/618161
VigRX Nitric Oxide,Male Enhancement,https://www.vigrxnitricoxide.com/ct/618161
Prosolution Pills,Male Enhancement,https://www.prosolutionpills.com/ct/618161
Prosolution Plus,Male Enhancement,https://www.prosolutionplus.com/ct/618161
Prosolution Gel,Male Enhancement,https://www.prosolutiongel.com/ct/618161
ExtenZe,Male Enhancement,https://www.buyextenze.com/ct/618161
MagnaRX,Male Enhancement,https://www.magnarx.com/ct/618161
Semenax,Male Enhancement/Semen Volume,https://www.semenax.com/ct/618161
VolumePills,Male Enhancement/Semen Volume,https://www.volumepills.com/ct/618161
Vigrx Max Volume,Male Enhancement/Semen Volume,https://www.vigrxmaxvolume.co/ct/618161
SemEnhance,Male Enhancement/Semen Sweetener,https://www.semenhance.com/ct/618161
ProExtender,Penis Enlargement/Penis Extender Device,https://www.proextender.com/ct/618161
Testosil,Testosterone Booster,https://www.testosil.com/ct/618161
Testodren,Testosterone Booster,https://www.testodren.com/ct/618161
TestRX,Testosterone Booster,https://www.testrx.com/ct/618161
Fertility Factor 5,Male Fertility,https://www.fertilityfactor5.com/ct/618161
Provacyl,Male Andropause,https://www.provacyl.com/ct/618161
GenF20 Plus,HGH/Anti-Aging,https://www.genf20.com/ct/618161
GenF20 Plus,HGH/Anti-Aging,https://www.genf20plus.com/ct/618161
GenFX,HGH/Anti-Aging,https://www.genfx.com/ct/618161
GenF20 Plus,HGH/Muscle,https://www.genf20muscle.com/ct/618161
HyperGH14x,HGH/Muscle,https://www.hypergh14x.com/ct/618161
GenF20 Red Algae Calcium,Bone & Joint Supplement,https://www.genf20calcium.com/ct/618161
PrimeGENIX Bone Complex,Bone & Joint Supplement,https://www.primegenixbonecomplex.com/ct/618161
PrimeGENIX Prostate Support,Prostate Supplement,https://www.primegenixprostatesupport.com/ct/618161
DIM3X,Estrogen Blocker,https://www.dim3x.com/ct/618161
CalmLean,Men's Thermogenic Weight Loss,https://www.calmlean.com/ct/618161
CortiSync,Cortisol Reduction,https://www.cortisync.com/ct/618161
BrainPill,Nootropic/Memory Supplement,https://www.brainpill.com/ct/618161
Provestra,Female Libido Pill,https://www.provestra.com/ct/618161
HerSolution,Female Libido Pill,https://www.hersolution.com/ct/618161
HerSolution Gel,Female Libido Gel,https://www.hersolutiongel.com/ct/618161
Vigorelle,Female Libido Cream,https://www.vigorelle.com/ct/618161
Confitrol24,Female Incontinence,https://www.confitrol24.com/ct/618161
Incontinix,Male Incontinence,https://www.vigrxincontinix.com/ct/618161
Total Curve,Breast Enhancement,https://www.totalcurve.com/ct/618161
Nexus Pheromones,Pheromone Cologne for Men,https://www.nexuspheromones.com/ct/618161
Kollagen Intensiv,Anti-Wrinkle Cream,https://www.kollagenintensiv.com/ct/618161
Illuminatural6i,Skin Lightener,https://www.illuminatural6i.com/ct/618161
DermeffaceFX7,Scar Reduction Cream,https://www.dermeffacefx7.com/ct/618161
Natural Health Source,All-In-One Site featuring most of our products,https://www.naturalhealthsource.com/ct/618161
PrimeGENIX,All-In-One Site featuring the PrimeGENIX line,https://www.primegenix.co/ct/618161
VigRX Plus (German),Male Enhancement-German Offer,https://ww1.vigrxplus.de/ct/618161
Semenax (German),Male Enhancement/Semen Volume-German Offer,https://ww1.semenax.de/ct/618161
Testosil (German),Testosterone Booster-German Offer,https://ww1.testosil.de/ct/618161
CalmLean (German),Men's Thermogenic Weight Loss-German Offer,https://ww1.calmlean.de/ct/618161
CortiSync (German),Cortisol Reduction-German Offer,https://ww1.cortisync.de/ct/618161
DIM3X (German),Estrogen Blocker-German Offer,https://ww1.dim3x.de/ct/618161
Testodren (German),Testosterone Booster-German Offer,https://ww1.testodren.de/ct/618161
PrimeGENIX (German),All-In-One Site featuring the PrimeGENIX line-German Offer,https://ww1.primegenix.de/ct/618161
Semenax (French),Male Enhancement/Semen Volume-French Offer,https://fr.semenax.com/ct/618161
Semenax (Spanish),Male Enhancement/Semen Volume-Spanish Offer,https://es.semenax.com/ct/618161
Semenax (Arabic),Male Enhancement/Semen Volume-Arabic Offer,https://ar.semenax.com/ct/618161
Erectin (Arabic),Male Enhancement-Arabic Offer,https://ar.erectin.com/ct/618161
Erectin Gummies (Arabic),Male Enhancement-Arabic Offer,https://ar.erectingummies.com/ct/618161
Erectin Gel (Arabic),Male Enhancement-Arabic Offer,https://ar.erectingel.com/ct/618161
